active_cryptocurrencies,total_cryptocurrencies,active_market_pairs,active_exchanges,total_exchanges,eth_dominance,btc_dominance,eth_dominance_yesterday,btc_dominance_yesterday,defi_volume_24h,defi_volume_24h_reported,defi_market_cap,defi_24h_percentage_change,stablecoin_volume_24h,stablecoin_volume_24h_reported,stablecoin_market_cap,stablecoin_24h_percentage_change,derivatives_volume_24h,derivatives_volume_24h_reported,derivatives_24h_percentage_change,total_crypto_dex_currencies,today_incremental_crypto_number,past_24h_incremental_crypto_number,past_7d_incremental_crypto_number,past_30d_incremental_crypto_number,today_change_percent,last_updated,total_market_cap,total_volume_24h,total_volume_24h_reported,altcoin_volume_24h,altcoin_volume_24h_reported,altcoin_market_cap,total_market_cap_yesterday,total_volume_24h_yesterday,total_market_cap_yesterday_percentage_change,total_volume_24h_yesterday_percentage_change,date
9778,34447,101144,814,10397,7.311835125146,64.407774843714,7.47165697,65.00637744,16665633907.438383,39186526299.86142,62325601982.70103,288.361999184588,80279169546.61998,517837448935.6431,226251793977.93103,8.612235076027,1191781556030.3726,1191781556030.3726,1.19057938945,15038960,0,51903,335181,1999543,0.020065252974,2025-05-08T01:42:59.999Z,3019069391515.3403,124481812582.44,569365848148.67,46374714205.706985,304366835082.9918,1074553975452.656,2972706046054.7,75162950448.09,1.5596343783191458,65.6159209295692,2025-05-08 01:45:07
9787,34457,101543,815,10401,8.249325302146,63.466822569544,7.31085104,64.40776558,25479731066.29144,57590225810.95899,69461193228.47618,52.916196894302,154028209996.7992,969351252610.1094,226314805617.71475,91.786500341159,1841425271293.15,1841425271293.15,54.510301151717,15101322,19,61962,341109,2015935,0.022923777083,2025-05-09T01:42:59.999Z,3216774448504.2764,163671285373.71,993788316620.5,95357963853.03249,629950706371.4443,1175189916809.6404,3018284111462.342,124081675926.34,6.576264185606021,31.90608859189814,2025-05-09 01:44:31
9794,34469,101823,815,10406,8.679540479614,62.543948414557,8.25092866,63.45296215,26720279403.290787,59658332064.196365,72513658937.41,4.956492570921,164057066254.3501,944131872656.3252,226275116002.3077,6.215334457724,1777367494937.621,1777367494937.621,-3.396541837563,15164442,1,63546,342171,2027275,0.020519306649,2025-05-10T01:37:59.999Z,3273243044290.437,174177073295.34,965265073645.29,116468283771.62012,734011446889.3605,1226027603186.352,3215294305935.984,164404942438.73,1.802284109652732,5.943939830307613,2025-05-10 01:40:25
9796,34472,101923,815,10409,9.149027147452,61.852865517878,8.65631207,62.58340459,27602244392.73611,60029952706.0769,76993454883.48354,3.260101148903,126589473356.47224,751159337518.271,226496804467.0157,-22.791706488118,1549595934277.0647,1549595934277.0647,-12.708872164563,15221189,0,56880,345666,2034816,0.019719824726,2025-05-11T01:47:59.999Z,3348957495815.982,137521032498.7,771314557451.47,93748172970.48216,608572590876.29,1277531319678.0151,3268521460595.41,173742581240.54,2.460930307182977,-20.84782468593156,2025-05-11 01:49:52
9801,34473,101911,815,10415,9.109518733477,62.104731472159,9.15571367,61.85010567,25332267705.0068,52379360768.40578,74818221295.28983,-8.251687497837,116275011106.38516,678601288333.0814,226590305269.3625,-8.272709844489,1437772598247.0486,1437772598247.0486,-7.21774501105,15268594,0,47524,339885,2029758,0.018918221011,2025-05-12T01:45:59.999Z,3326703385377.0474,124630934384.77,695846690254.63,78086916038.8029,500528584192.4714,1260663181013.4238,3350317838004.036,137740211899.23,-0.7048421603204247,-9.51739316623869,2025-05-12 01:48:34
9809,34486,102070,815,10419,9.012756758584,61.953342034232,9.10403806,62.12129933,26912924189.53161,60347686165.51294,72846858020.97014,6.230766650058,165442835761.3155,974597813577.182,226792745318.20447,42.295329892187,1845499058940.736,1845499058940.736,28.35831196604,15318836,0,50854,334932,2025450,0.014859733517,2025-05-13T01:43:59.999Z,3275482445950.594,177243270214.34,1001920743043.07,115571849930.0278,697467407684.0083,1246211602939.5994,3324893938624.5034,124632273852.98,-1.486107334128988,42.21297961988682,2025-05-13 01:45:50
9804,34505,101665,815,10420,9.665405905538,60.980624299865,9.01275676,61.95334203,26022477708.08613,54149436064.04042,78268912765.26874,-3.308620331164,140070719636.06958,820244387860.5387,227009681189.08948,-15.335880824631,1707802778611.1978,1707802778611.1978,-7.461194827624,15379624,0,60294,343859,2037233,0.018261257727,2025-05-14T01:42:59.999Z,3387940232352.0024,149309494874.92,841571367883.91,97547426181.62352,616261771700.8894,1321953127757.4634,3275482445950.594,177243270214.34,3.433319770662706,-15.760133124174317,2025-05-14 01:44:51
9804,34515,101713,815,10425,9.412951842721,61.632307437162,9.67132322,60.98198345,24498790883.142868,49807034374.78754,74484175919.97182,-5.84989434059,117209740088.22054,673291155001.2688,227207554809.04907,-16.406439182611,1279127860472.269,1279127860472.269,-25.101359006655,15432710,0,52443,335088,2034428,0.023060243363,2025-05-15T01:40:59.999Z,3329947715368.752,124830502393.25,690602595272.95,79886175994.12752,510242098200.3371,1277624101935.9172,3387673690197.922,149448790407.27,-1.704000447156332,-16.47272483566546,2025-05-15 01:42:57
9804,34528,101893,816,10429,9.327384209835,62.237463291355,9.40601488,61.6355427,79380042432.62952,447043816257.2933,759534177418.6632,223.978019789603,125401854158.96356,784550623560.1648,227712179861.88965,7.36202232299,1463931238504.5386,1463931238504.5386,14.451983247055,15476228,0,44770,315154,2018195,0.01552945054,2025-05-16T01:43:59.999Z,3321109465697.372,133143128642.84,804438990209.96,82708217167.6492,559795097493.3699,1254135181118.2698,3328454396757.567,124439795086.23,-0.2206709236380248,6.9940114820818025,2025-05-16 01:46:06
9806,34540,101999,818,10434,9.191929948826,62.593789453977,9.33424942,62.25110037,68675516442.67233,350979571287.95667,734490521136.1888,-13.359028313015,104248413339.64778,587889441641.0337,228155471022.0756,-16.825737007234,1178733657330.7695,1178733657330.7695,-19.481389421657,15537829,0,60019,319909,2014138,0.025846839675,2025-05-17T01:40:59.999Z,3266114782671.258,110470697292.64,603132893547.66,66204559448.63437,426145809012.754,1221729772280.7944,3320347481094.532,133023065981.64,-1.6333440620918651,-16.953727928743362,2025-05-17 01:42:50
9797,34542,101970,818,10436,9.142698342677,62.660678529337,9.16230309,62.6524254,29256615874.480686,55670572121.30828,81664961976.40245,-57.326606044825,81224077025.32341,440672447819.1596,228291834814.7463,-21.779047393417,942832827709.6208,942832827709.6208,-20.273621685265,15595618,0,56993,330194,1887860,0.031108153235,2025-05-18T01:48:59.999Z,3272123010277.684,87214864458.21,451694894433.35,50439024824.28175,325034178134.7475,1221788529723.1145,3257249553345.227,109831100747.47,0.4566262636272995,-20.59183249129092,2025-05-18 01:51:16
9763,34544,101850,818,10438,8.863940735387,62.99803488866,9.14741494,62.66432693,34314114069.700447,66363372588.65504,82905332515.77974,17.364901057803,123363644221.0048,765434401645.798,228346084732.352,50.866238094212,1457006869663.0288,1457006869663.0288,54.535016902463,15658522,0,64449,342246,1835362,0.021130340345,2025-05-19T01:48:59.999Z,3312361951650.0767,132045247462.12,785895508686.52,77518718594.32565,527449362389.2537,1225639013710.8674,3273081872504.4023,87749562041.33,1.2000946103929664,50.479665528047576,2025-05-19 01:50:14
9771,34553,101842,818,10441,9.12735238507,62.930961972328,8.85261169,63.00184729,34863721237.17602,64016788153.81304,84092530959.23495,1.624261156867,128538521725.65616,784743751420.4025,228371151169.2921,4.168259073998,1472563039022.8467,1472563039022.8467,1.180359606954,15714156,0,55353,337602,1815588,0.022895429755,2025-05-20T01:44:59.999Z,3356473041550.7925,136075852393.7,804902688592.19,74384372547.83356,487532670201.992,1244212268161.035,3309805433929.665,131292571373.34,1.409980391678772,3.643222895496791,2025-05-20 01:46:35
9772,34572,102214,820,10449,9.128504059088,63.080039959467,9.12735239,62.93096197,18158086583.402565,50475799406.422905,84198484123.60979,-47.916957975099,98020388026.60728,689289286619.9547,228498425054.5257,-23.742402891629,1335236948394.6665,1335236948394.6665,-9.325651057988,15772698,0,58525,343735,1808740,0.02363502349,2025-05-21T01:43:59.999Z,3365680336487.377,104944523684.17,707948459983.03,68698016689.50922,440003298861.7997,1242607835323.2322,3356473041550.7925,136075852393.7,0.2743145802932076,-22.87792298332228,2025-05-21 01:46:09
9762,34578,102427,820,10456,9.017628645633,63.232567328605,9.12850406,63.08003996,42200698932.07673,81074383124.65671,86383509255.58,132.407190803079,172451482439.5044,1112151705149.033,229338665282.73032,75.934298885547,1977225207697.5457,1977225207697.5457,48.080474411282,15831831,1,59612,358238,1783157,0.020924257033,2025-05-22T01:42:59.999Z,3454263562098.924,182554237595.39,1143381248873.91,98499172013.52248,648661723899.0146,1270044029487.252,3365680336487.377,104944523684.17,2.631956001620693,73.95308605600616,2025-05-22 01:45:24
9750,34586,102736,820,10458,9.195496540367,62.794257960425,9.01562598,63.2312309,46331324257.16442,87910804508.13524,102023847660.43396,9.786017043906,152807976094.3308,822135429783.2322,230083315901.2096,-11.4682351165,1489527489084.7383,1489527489084.7383,-24.665764765397,15895372,0,65221,361812,1749344,0.010501014144,2025-05-23T01:42:59.999Z,3521656980565.2803,162619425466.6,844193443059.73,94846052605.33902,531710723945.2199,1310258611707.7866,3453257305021.0303,183116347824.85,1.980729192834744,-11.193387483817247,2025-05-23 01:45:23
9757,34595,103073,820,10461,9.019477509917,63.109769135893,9.2096839,62.7890435,44428759711.51102,93037184084.73918,95406914327.53471,1.860808307394,161818565319.23975,952887735385.0492,230914073796.7339,5.257578699875,1706594527212.0728,1706594527212.0728,14.543966689819,15962521,0,64718,371993,1719343,0.025835926639,2025-05-24T01:39:59.999Z,3391319803697.564,170518024490.55,976993492366.23,103270234249.94267,628523028854.5675,1251065704924.2012,3524286091013.687,161400546078.36,-3.772857364081872,5.648976186092611,2025-05-24 01:41:51
9751,34595,103085,820,10462,8.918671588742,63.304129043505,9.01457864,63.10180827,35296930589.85312,65410845953.71762,95353671667.60164,-20.429338877159,91847066916.30006,482540127312.2002,230996339731.1157,-43.092346930379,990969350994.8116,990969350994.8116,-41.816079678078,16025294,0,63145,370338,1700257,0.023568303578,2025-05-25T01:51:59.999Z,3383319870919.824,96866380000.89,495195192342.69,50868743512.80163,282092514264.70605,1241538693878.191,3386301695853.783,170418496058.41,-0.0880555013042823,-43.15970259021088,2025-05-25 01:53:43
9750,34596,103112,820,10462,8.991745899812,63.277118712311,8.9231029,63.28956639,34140541465.775177,66549193631.99477,98992909878.7326,-3.547508038724,95539033219.36624,518497848246.0957,231034954396.6964,4.702271221128,1020549353793.568,1020549353793.568,2.957989990957,16078879,0,54091,368573,1675941,0.020353819299,2025-05-26T01:46:59.999Z,3445289157996.8267,100740421999.25,532684442595.62,55373529748.66901,318995337680.9403,1265209447508.7795,3384093101483.275,95954520266.04,1.808344353372803,4.987677203680235,2025-05-26 01:49:02
9759,34606,103141,820,10463,8.980902555684,63.427941888123,8.9939924,63.28217042,37413510880.69604,68993893461.17767,95089680497.58646,9.767666198047,98960115849.95651,523198393298.448,230863699784.71884,3.767144455178,1007678572774.3602,1007678572774.3602,-1.078143926547,16135745,0,57105,366917,1668777,0.018806510573,2025-05-27T01:42:59.999Z,3394454061071.436,104201351401.58,536790388948.59,57589608154.230736,316719838719.19464,1241421711796.0227,3445448705796.312,100534014377.57,-1.4800581601777196,3.647856943458749,2025-05-27 01:44:53
9783,34627,103161,820,10468,9.285061902689,62.965981651203,8.98499251,63.43543791,41269413818.66506,83854723365.14906,98911681074.45705,10.276674212248,122913751508.13512,698827699129.0408,230835332465.1128,24.049173038761,1258810548434.1252,1258810548434.1252,24.878703400123,16196326,0,60918,367907,1674627,0.016839987207,2025-05-28T01:44:59.999Z,3437788084937.5347,129754089638.18,716220251477.22,74278926428.85051,442472829459.8677,1273151070168.5383,3394148046061.632,104739164582.54,1.2857435292647352,23.88306719395964,2025-05-28 01:46:34
9770,34645,102987,820,10472,9.541723787591,62.715503987248,9.2850619,62.96598165,40604454593.24487,75679564070.9705,98850570389.74371,-1.611264042523,114665796345.09068,590743018975.8307,230666335714.3149,-6.71035995716,1116256882438.0532,1116256882438.0532,-11.324473422422,16247990,0,51703,354374,1667109,0.016663298509,2025-05-29T01:43:59.999Z,3425321936570.718,120770055567.24,605473181921.83,70892391959.76056,392203293731.79504,1277114020864.6436,3437788084937.5347,129754089638.18,-0.3626211988294585,-6.923892800598438,2025-05-29 01:46:20
9765,34662,103115,821,10476,9.440336293568,63.092245337929,9.54172379,62.71550399,41803118120.836105,85342759259.79692,92919178428.34406,2.952049324634,134390676543.47942,748530786425.537,230742415884.676,17.202060969451,1365272724141.9604,1365272724141.9604,22.308112552016,16297038,41,48865,338814,1654550,0.018411642344,2025-05-30T01:42:59.999Z,3345336745465.1,184703761261.71,767536401009.15,83599711767.14404,484196860329.5493,1229870784145.6018,3425321936570.718,120770055567.24,-2.3351145552670403,52.938375654612685,2025-05-30 01:44:15
9770,34666,103615,822,10481,9.291982825683,63.686674972563,9.44033629,63.09224534,42045830544.56955,85068683485.7864,86866703785.1643,0.580608420242,138203785905.01996,732326130193.2748,230847909602.21893,2.837331770041,1331285177528.0757,1331285177528.0757,-2.489432771408,16347567,0,51236,326381,1644679,0.015490942662,2025-05-31T01:41:59.999Z,3240946642312.151,146087186588.48,750274925496.22,89524088442.86981,496195690065.03625,1176895488188.616,3345336745465.1,184703761261.71,-3.120466221956846,-20.90730281259053,2025-05-31 01:43:44
9753,34666,103599,822,10481,9.285856842368,63.531549338648,9.3210244,63.62815728,35065770674.09412,61661785617.63866,87829442776.67409,-16.242130956377,88230765098.46118,405588120971.1596,230882300726.3852,-36.416943891925,800660361402.2771,800660361402.2771,-39.81761061936,16398210,0,49353,322936,1638860,0.023367765257,2025-06-01T02:01:59.999Z,3258240674719.5625,93864666954.35,415955606471.58,57087684602.44664,285880618959.53687,1188229892888.2002,3232835962899.915,146359456859.95,0.7858336182593888,-35.86702973066632,2025-06-01 02:03:43
9745,34668,103528,822,10489,9.263006832374,63.580894239391,9.31818273,63.48529781,34462686721.88376,58293993701.57376,89629787997.34624,-1.97016777487,80355573530.70145,399498513130.9359,230874923980.40625,-9.46838941064,804190386380.2584,804190386380.2584,-0.563689800838,16448881,0,51509,316502,1627399,0.018205159746,2025-06-02T01:49:59.999Z,3296106695718.8843,85330745420.4,409430082273.93,49734978961.39751,275793180812.81915,1200412583496.369,3265386119210.5825,94777559956.65,0.9407946070319184,-9.967353602024405,2025-06-02 01:51:39
9752,34678,103557,821,10493,9.542647286678,63.175862407006,9.26279359,63.58166513,37422977064.64899,65468105276.333206,92903320393.9614,8.59464280173,104284979868.71364,552422820874.1836,231714434036.84488,28.032968288598,1061263467865.5914,1061263467865.5914,31.966765331346,16502306,0,53403,309016,1627552,0.018279574454,2025-06-03T01:46:59.999Z,3344207580920.3457,109601244095.29,564976001202.9,62300331358.29689,357005411519.8655,1231475600993.4597,3296048441218.3296,86426271059.96,1.461117473267933,26.814732084474485,2025-06-03 01:48:17
9760,34695,103699,821,10493,9.489165056686,63.156468332606,9.54264729,63.17586241,38043723385.60439,70727245837.91406,93125368513.79504,1.658730463595,104131367666.33987,542937470765.3068,232024721594.04053,-0.147300409481,988001263475.941,988001263475.941,-6.903300321549,16560154,81,57335,315220,1632264,0.022118211998,2025-06-04T01:45:59.999Z,3324630438150.162,109165122012.25,555622307744.5,64068207544.55729,363157628910.1607,1224911268303.6902,3344207580920.3457,109601244095.29,-0.5854045329565167,-0.3979170917629631,2025-06-04 01:48:26
9749,34709,103721,821,10497,9.558464280719,63.272042673234,9.48916506,63.15646833,36296734094.02413,70954647227.80045,90156215594.42604,-4.592056549968,97839186277.76424,513794159940.9644,232584808434.7625,-6.042541771599,958622452905.195,958622452905.195,-2.973560020297,16619153,2,59688,325433,1636092,0.018060739935,2025-06-05T01:44:59.999Z,3294815928631.0254,103525127305.8,525522693193.07,59354266746.52398,351635193036.2244,1210118588263.0808,3324630438150.162,109165122012.25,-0.8967766515344096,-5.166480467833949,2025-06-05 01:47:05
9732,34724,103697,821,10500,9.192095599943,63.693684329602,9.55846428,63.27204267,38082254575.39144,74006809259.18365,85512771230.92091,4.919231787472,133947273977.49342,809491340993.7427,232312822486.32547,36.90554784176,1435076092783.785,1435076092783.785,49.701906984825,16677958,0,58305,333192,1643110,0.022069921108,2025-06-06T01:43:59.999Z,3181379725376.7607,140609947282.45,828933728637.9,81859221905.3486,519116590063.69977,1155041765769.3154,3294815928631.0254,103525127305.8,-3.442869213680069,35.822047208989375,2025-06-06 01:46:37
9736,34740,103804,821,10502,9.169864377486,63.83680269825,9.18655924,63.69905717,34337414344.776443,61379714223.76725,87225297794.94603,-9.828163175636,103759785592.99773,560144193007.9263,233187546697.12936,-22.600965565018,1044389847837.7328,1044389847837.7328,-27.233573516221,16742166,0,65834,348071,1645374,0.012831527421,2025-06-07T01:43:59.999Z,3254140536748.0474,108026063468.31,572525532553.15,60528594352.32359,351918731267.4697,1176801262780.4114,3181367148331.281,140686325965.79,2.2874878951,-23.21495161187296,2025-06-07 01:45:59
9727,34741,103809,821,10502,9.229320047349,63.767175539953,9.17403627,63.82675732,30988443137.55758,55257313077.91133,89367265436.91638,-9.696957280602,81605138121.95663,355149912413.4909,233414209816.1577,-21.379381954459,692778161549.289,692778161549.289,-33.650943181054,16793075,0,49744,347485,1632753,0.019845449689,2025-06-08T01:53:59.999Z,3297162881743.2407,85378924015.03,363192091759.23,47790525896.72443,237533409138.22443,1194655239103.8633,3256223093403.111,108531084766.9,1.257278361027275,-21.332285401547,2025-06-08 01:56:03
9721,34742,103863,821,10502,9.150926697345,63.704980782613,9.2302294,63.76946373,31160565090.26097,52825486692.04731,88955726452.74706,0.569313734337,87162594857.18452,379218226325.5981,233473262651.58112,6.789957275358,736591821205.4558,736591821205.4558,6.492208880681,16834723,9,42795,335731,1617531,0.013028344521,2025-06-09T01:51:59.999Z,3296398716289.508,91829398836.41,388070217794.43,53917820864.7672,259287115138.8414,1196428547558.9597,3297522766492.7305,85391342030.09,-0.0340877162288109,7.539472566260159,2025-06-09 01:53:38
9711,34754,103938,822,10507,9.515353253617,63.544454083066,9.15090642,63.7025094,37733945634.74256,69668709927.67082,95255261609.62524,21.168880401947,123186480036.27342,683762291422.1975,233768885742.242,41.417397549332,1244923088829.2322,1244923088829.2322,68.941585031744,16876708,4,41247,320390,1611995,0.017387929932,2025-06-10T01:47:59.999Z,3437145539431.0103,129190929221.31,699813825487.15,70317962915.44154,419939696888.684,1253030170359.1074,3297509869972.025,91773152787.75,4.2345792723941,40.77202896156203,2025-06-10 01:49:45
9712,34764,104122,823,10512,9.741884420073,63.236759044148,9.51535325,63.54445408,40720031970.5097,98601316063.80247,98370763191.4194,7.913527953509,136827738384.613,762425917199.0647,233620197616.04227,11.073665181701,1316104257536.5442,1316104257536.5442,5.717716166246,16926678,1,50240,310764,1611128,0.016308280388,2025-06-11T01:46:59.999Z,3446447348941.6323,143667786643.96,780337924595.5,88798999789.56886,551615290984.5092,1267025743307.974,3437145539431.0103,129190929221.31,0.2706260006715411,11.205784732649818,2025-06-11 01:49:10
9688,34778,104090,824,10514,9.80025573392,63.268305529065,9.74188442,63.23675904,38842994828.795006,84087089464.67302,96124238314.86926,-4.609616080543,126040846677.87134,710442975211.383,233911220321.74844,-7.883556239467,1229075790940.2783,1229075790940.2783,-6.61258149557,16973281,2,47240,299155,1597458,0.012603748174,2025-06-12T01:45:59.999Z,3408008774423.6133,131782066116.21,727098092092.35,81732389700.01456,516902643948.1743,1251819370563.929,3446447348941.6323,143667786643.96,-1.1153100751654677,-8.273058843180621,2025-06-12 01:47:45
9687,34796,104069,824,10518,9.369684854753,63.913839637616,9.79771525,63.25218017,39253078478.72678,86822721803.2008,86782088014.28093,1.106695205504,147717975919.859,878230088245.8726,233794010484.4312,17.147743436196,1514997589630.3342,1514997589630.3342,23.244700484989,17019761,2,45737,279892,1591516,0.017500370076,2025-06-13T01:46:59.999Z,3227333698527.819,153578205521.36,899658823326.45,87905723480.11534,584555265415.6135,1164620813880.0017,3405982470690.7773,132068459101.62,-5.245146553168439,16.286815615217648,2025-06-13 01:48:48
9667,34800,104122,824,10524,9.413554594446,63.837585346687,9.35738312,63.92433818,37193966143.92841,80983010928.1371,90856340903.35423,-4.765498828416,133893419108.09917,736725741147.7584,234657506565.8249,-9.09568375816,1307878721444.5764,1307878721444.5764,-13.263472760452,17063053,2,43444,273467,1590133,0.016705545649,2025-06-14T01:42:59.999Z,3286984224225.155,139954560793.27,753019313579.91,80551000982.87575,495885394051.224,1188652864753.2708,3212510730270.5435,152637822806.92,2.318233313677979,-8.309383467617835,2025-06-14 01:45:04
9662,34800,104141,824,10524,9.32462090272,63.998947901353,9.39996096,63.85876794,29239176468.208546,56007809739.93584,89223435714.00493,-20.946720937164,73966216503.8498,378512325231.573,234618737373.63763,-44.169878275616,710539840553.274,710539840553.274,-44.98135712858,17104496,0,41860,272137,1571598,0.014355011779,2025-06-15T01:55:59.999Z,3276405068157.164,78782414580.46,388059208723.58,43310229425.9945,267898229410.7276,1179540295549.9868,3284453410580.1514,138501854346.42,-0.2450435861584026,-43.1181517733258,2025-06-15 01:58:09
9660,34801,104091,824,10526,9.323515052264,63.842451440392,9.32997324,63.99033486,29006375073.790592,57886662187.89493,89481974362.78117,-0.742607512881,79119621415.01154,416217821474.70105,234587793666.48843,6.969238610886,775320607583.7391,775320607583.7391,9.082802172811,17145319,0,41161,271717,1555435,0.012354752184,2025-06-16T01:50:59.999Z,3287075741243.9927,83072148114.24,425639037654.89,45924784677.236015,294650807896.9094,1188526007331.4077,3276849505557.866,78785789879.8,0.3120752316754647,5.440522004005416,2025-06-16 01:52:32
9660,34810,104092,824,10533,9.359243870454,63.950764353433,9.32790782,63.85948848,33666882001.81633,75129736099.03278,90927532111.21384,16.102161603448,127049540050.46118,721282802379.1383,234636488877.88745,60.415402285884,1253526767390.212,1253526767390.212,62.084812837908,17184616,0,39028,260849,1530284,0.013892260428,2025-06-17T01:47:59.999Z,3328559223740.3,133350719144.68,738772646732.58,79485115106.95732,492865675656.7931,1199920158201.6853,3289653977666.36,82692284374.39,1.1826546602794537,61.26138025276157,2025-06-17 01:49:21
9657,34825,103981,822,10537,9.353112839761,63.928266887074,9.358475,63.94931275,32769904428.26097,70421942542.8058,87515095008.13788,-2.673619974198,121142636426.905,702920647909.7573,234531192453.2039,-4.661455754254,1220089917500.1423,1220089917500.1423,-2.680086452909,17240554,0,54464,269563,1530882,0.02248112876,2025-06-18T01:45:59.999Z,3259683756726.758,127074170377.76,719846044041.39,72358353528.80841,449496897544.9871,1175824425051.8809,3328301821631.769,133365445888.62,-2.061653917894091,-4.717320494031227,2025-06-18 01:48:19
9653,34833,103969,823,10542,9.351685311691,64.014953324432,9.34780496,63.93211257,31246152045.781776,67911688705.53575,86856874854.34955,-4.551291828766,107256985963.38388,628761470681.3284,234290263330.62604,-11.27954349843,1114181523229.2195,1114181523229.2195,-8.670479067496,17294902,1,55237,278201,1526730,0.017331809306,2025-06-19T01:47:59.999Z,3249984028505.0186,110804825091.22,642306998487.72,63255986004.626434,413588088379.9663,1169508269606.0415,3257252367052.166,126312367232.94,-0.2231432424662074,-12.277136816794538,2025-06-19 01:49:42
9617,34843,103822,825,10545,9.378146272867,63.97875397173,9.35168531,64.01495332,29788813389.7314,67306003882.35428,86038002002.36536,-4.664058005975,79603623595.84396,402653085706.9327,234439910400.34927,-25.782341466299,717872864590.9904,717872864590.9904,-35.569487590282,17337708,2,43634,277569,1509934,0.012581100073,2025-06-20T01:46:59.999Z,3250502704826.744,82168514380.69,410776682842.54,46393680750.02353,280185734225.4477,1170871576461.2214,3249984028505.0186,110804825091.22,0.0159593498668186,-25.84392032292382,2025-06-20 01:48:40
9644,34877,103928,826,10547,9.156661293206,64.231604100572,9.37855789,63.98058491,32923897326.74591,73408426443.46611,83240801936.6018,10.626030572161,110445407949.41284,677384892579.896,234381883510.7265,38.82599812845,1193142925495.0938,1193142925495.0938,66.205324695605,17377143,0,39403,275207,1484213,0.013139674219,2025-06-21T01:44:59.999Z,3202868944236.471,115042592201.43,692578771634.53,64540929586.291885,437810915093.8929,1145614844114.318,3250330295865.2456,82116613979.34,-1.4602008814042762,40.09660971940946,2025-06-21 01:46:37
9631,34879,104003,826,10548,8.746289831579,64.83906544971,9.15326481,64.24410873,32074659498.5662,71323242167.45895,79669368418.84937,-2.548331011642,96673765127.09964,571204043506.8905,234276172217.84125,-12.460530861056,1013968860950.5848,1013968860950.5848,-15.116775025548,17417765,0,40870,274778,1460232,0.012333757684,2025-06-22T01:54:59.999Z,3147506429802.0312,101432787418.58,584627262890.72,58509957519.5057,396889143905.7453,1106692675748.8694,3202570014981.338,115541433734.38,-1.7193561708791378,-12.210897735815353,2025-06-22 01:57:13
9596,34881,103912,826,10552,8.749845944314,64.844005758025,8.74628983,64.83906545,34434601121.368195,75800068652.88179,78482787894.29427,7.357651366205,133537704609.48032,810416228279.4779,234389589681.3768,38.132309664276,1433624162991.2666,1433624162991.2666,41.387395432169,17456415,0,36893,274400,1435744,0.022380736202,2025-06-23T01:53:59.999Z,3097613070467.3223,139099159277.97,830470650494.82,76313790253.38467,500626540402.1533,1088996672692.1616,3147506429802.0312,101432787418.58,-1.585171005920614,37.13431605103503,2025-06-23 01:56:01
9596,34891,103876,826,10556,8.977758424751,64.511159416451,8.74064625,64.85668774,36450377080.93012,84100789304.6137,85048807298.28894,5.914670733026,141066831400.47864,862789869428.9868,234906191950.775,5.52216425728,1515901932947.16,1515901932947.16,5.854936083124,17491825,5,37162,255337,1417063,0.012321558955,2025-06-24T01:47:59.999Z,3242057980156.6133,145187727863.53,882720515672.48,81540329679.89705,536852756418.6276,1150568788204.025,3093676985110.9795,139708620525.51,4.796266570807177,3.921810492015808,2025-06-24 01:50:05
9580,34902,104140,828,10561,9.055525149553,64.446122551599,8.97649188,64.51313152,34110199348.395058,69497666256.28639,86766733835.93817,-6.436600013954,110077074112.57654,605038081049.2144,235462400644.0343,-22.027975336229,1052140252985.458,1052140252985.458,-30.600887247634,17532957,1,40754,241243,1401094,0.01447198641,2025-06-25T01:47:59.999Z,3283167427533.556,113739799357.04,617281601914.16,64845054585.74236,403459146715.1202,1167293323611.1077,3242111107324.7,145305758029.17,1.2663452562159137,-21.72381817504656,2025-06-25 01:50:06
9579,34911,104154,828,10563,8.978535074477,64.813982886284,9.05552515,64.44612255,33420703394.93706,63413052455.28924,84901822137.07584,-2.021377671868,104844292493.9734,569160472758.0758,235378641924.26788,-4.753743375529,993165260389.482,993165260389.482,-5.605240596834,17579775,0,47077,244589,1387157,0.013955481956,2025-06-26T01:46:59.999Z,3303186685178.047,108296186140.85,580322250154.4,57942440161.79896,364257032994.5275,1162259832344.7334,3283167427533.556,113739799357.04,0.6097543937785304,-4.786023227544106,2025-06-26 01:49:04
9556,34918,104223,828,10566,8.954073626455,65.071180991976,8.98768764,64.80507483,33223568664.224545,65940803892.87001,82904721163.18785,-0.626307312589,98345411164.77798,544962139919.4848,236106410842.66928,-6.366692498956,945931669813.2266,945931669813.2266,-4.937189752732,17629915,0,51160,255396,1385656,0.008855052491,2025-06-27T01:47:59.999Z,3272776798514.6616,102667337494.65,555767761035.42,58785894452.48248,378649803729.2173,1143142284489.785,3304109139830.8145,108413787360.64,-0.948284090814184,-5.3004788467304,2025-06-27 01:50:09
9556,34931,104390,828,10572,8.894019803208,64.972980231773,8.95634067,65.07686709,31219517731.40256,57293239657.19082,83280055178.51266,-6.066981495785,91046189660.85847,466769763705.62726,236098034261.72003,-7.613278336511,827916741965.9547,827916741965.9547,-12.535637675725,17702145,0,66332,286834,1409079,0.042210436631,2025-06-28T01:43:59.999Z,3274600674202.007,94620932728.05,476202012003.06,49862468345.22617,305566245326.33014,1146995025483.2273,3273666179114.498,102014208304.32,0.0285458271057166,-7.247299860638051,2025-06-28 01:45:59
9544,34931,104371,828,10573,8.900855807035,64.76597972859,8.90115585,64.92450729,30112105561.13248,53142931907.39943,85304085082.6931,-3.322771074331,61680487978.16386,270319728657.88364,236189783705.24173,-31.973830837237,503697762548.6079,503697762548.6079,-39.160181650801,17786329,0,83200,334139,1442125,0.047716691887,2025-06-29T01:57:59.999Z,3296627754613.248,65864230780.12,276622479879.4,36164404084.06751,202458988483.51755,1161534491333.3655,3280233376909.457,94017899967.15,0.4997930275082183,-29.94500961717601,2025-06-29 01:59:43
9526,34934,104274,828,10576,9.07836666383,64.597744960116,8.90131324,64.76663093,31897044161.92724,59181665908.14753,88359022404.8526,6.038895685502,78431435362.6271,410384458423.69946,236151423312.744,27.172887277436,734664702827.134,734664702827.134,45.785973644918,17848572,0,68297,359220,1455022,0.013616388349,2025-06-30T01:52:59.999Z,3343799405730.413,82757269277.53,420367837026.53,46226009655.37478,282606396396.7716,1183780393638.8145,3296671140117.2056,64946595263.72,1.4295713345411798,27.42356845880613,2025-06-30 01:55:04
9507,34939,104181,829,10581,9.074672566973,64.407678607898,9.07393086,64.59821102,34083459831.833035,66021299168.12493,85902521484.00378,6.997276915997,95251343622.83968,522789088921.95233,236536158529.8241,21.304155285542,916488851084.9636,916488851084.9636,24.732091199145,17913593,2,62986,383497,1468535,0.024937005584,2025-07-01T01:58:59.999Z,3311734115401.577,99108546074.08,534313902158.96,58007552565.69704,369065333948.5997,1178723050005.611,3341585180462.6265,82614032647.58,-0.8933204885986754,19.96575266681788,2025-07-01 02:00:47
9515,35016,104072,830,10587,8.942610557318,64.658251367046,9.08008104,64.39214234,32683287776.616013,64590602817.49744,82394898353.3113,-4.21087850974,93658343239.90697,508889208407.0176,236738600941.52087,-1.835926229813,892548383049.386,892548383049.386,-2.6337656863,17981926,2,69154,404805,1483504,0.020558197331,2025-07-02T01:47:59.999Z,3252896554753.342,96923263700.79,519414749179.73,53276215548.818535,337582750919.7577,1149630523670.9546,3316243023727.01,100110361066.28,-1.9101877793767696,-3.183583928320786,2025-07-02 01:49:40
9501,35059,104171,830,10591,9.25134066488,64.386823799876,8.94271034,64.65889027,36052456938.87314,69971848086.34958,87941882671.01175,10.30615867361,124485618331.19753,708487970648.3811,237387835235.9004,32.60415214558,1232001652257.983,1232001652257.983,38.026411246507,18032835,7,51417,404571,1477093,0.017748556751,2025-07-03T01:47:59.999Z,3367892917618.005,128205174395.72,723357494182.58,72754131047.18651,469747777791.0572,1199413638982.7876,3253134056504.2783,97591866043.96,3.5276400886179005,31.36870888191677,2025-07-03 01:49:53
9501,35093,104240,830,10598,9.243027931499,64.409055994244,9.25055811,64.3866357,34583478254.08772,66770494199.13895,88151960986.76845,-4.074729797662,109624633877.99016,603418911258.2999,237872744880.8303,-11.984092908024,1038056305395.3042,1038056305395.3042,-15.740245811315,18080690,0,48842,386107,1465342,0.012290864469,2025-07-04T01:47:59.999Z,3382564351296.6304,113394596356.32,616039562202.75,64526948819.8858,401014971511.6194,1203886584228.6577,3368141033608.299,128751099075.31,0.4282278427301946,-11.92727893531034,2025-07-04 01:49:49
9510,35133,104317,829,10604,9.131217631008,64.643335074851,9.2448338,64.4070009,32173698819.074337,61293731011.698616,84657966335.9103,-6.983793254891,95011203041.03896,540889693546.7091,238005438690.3708,-13.370078764775,943148058528.0627,943148058528.0627,-9.12363529445,18131619,0,51002,353857,1458061,0.011947409555,2025-07-05T01:43:59.999Z,3323004300344.417,98326809078.77,551025710426.77,54470384812.44572,362431018572.4373,1174903495921.0515,3383091824407.099,113451908173.42,-1.7761127152737828,-13.331727370799356,2025-07-05 01:45:46
9502,35135,104333,829,10604,9.13016903418,64.670336252682,9.12802561,64.64888261,28698976324.785755,51512312491.21519,85006049267.25897,-10.958361442344,61271010241.24051,279351793875.36786,238078385660.7552,-35.365112843079,521792535094.8158,521792535094.8158,-44.633249715822,18182956,0,51621,336901,1443642,0.010378927664,2025-07-06T01:55:59.999Z,3327540893355.252,64963529363.47,285642841972.08,34563400934.99902,206912026669.4557,1175609008676.9185,3322790878686.022,98191962063.51,0.1429525613453108,-33.84027775974985,2025-07-06 01:58:00
9483,35169,104100,829,10607,9.203263085042,64.476067945075,9.13026923,64.66974167,30913009283.731136,56516452021.049644,86986029597.0523,7.706927858325,80019156581.96413,431728959839.2474,238127369686.6412,30.569389728056,770485850449.5643,770485850449.5643,47.661340212458,18222302,0,38935,313263,1433253,0.012618000118,2025-07-07T01:53:59.999Z,3363222519682.219,84346808761.3,441467897097.79,46994198932.29918,307423546975.3426,1194748882747.85,3327575911791.6284,64977304068.44,1.071248525518925,29.80964656899013,2025-07-07 01:55:29
9492,35201,104174,829,10618,9.177153319295,64.484086390021,9.19969506,64.48338773,30826420557.13871,58674332724.50031,85164637581.11684,-0.229198785188,95644122666.28488,534762025456.6886,237966686496.26285,19.826139975745,942254823606.8568,942254823606.8568,22.431872185012,18266602,0,44803,288413,1434759,0.009844069501,2025-07-08T01:47:59.999Z,3327903882052.128,100958914935.42,547037855582.41,55941153750.0828,350723046726.6691,1181935467772.774,3363805716567.151,84146615514.4,-1.0672981004283884,19.97976902367857,2025-07-08 01:50:37
9499,35228,104204,829,10626,9.341565275221,64.303857521409,9.17622861,64.48281009,32544605198.89678,61376066936.90196,87249310892.10442,5.491722829071,94955643865.22752,519661709540.87177,237925639761.74323,-0.782712876206,890496695184.1318,890496695184.1318,-5.527395782272,18293482,76,27328,264012,1420532,0.008293258816,2025-07-09T01:49:59.999Z,3364900714813.9614,98836595644.32,529778624934.81,55253597936.5234,346624166840.0533,1201139753423.1123,3328207698787.792,101268882575.24,1.1024857625181852,-2.401810772537033,2025-07-09 01:52:01
9481,35238,104047,828,10633,9.668145387866,63.895143542943,9.34355979,64.30272603,36317526480.74065,72759256770.61668,92034186958.12262,11.581227050009,129944249878.61816,776235686400.6731,238577840379.7501,37.101512140916,1392571405114.9575,1392571405114.9575,56.424396014422,18322740,0,27628,244485,1399672,0.017582339362,2025-07-10T01:49:59.999Z,3462691047004.6,136030830021.79,792992426698.18,76996455672.34637,508415338856.5021,1250199632072.3848,3365112873074.6294,98714377733.98,2.899699879630348,37.80244898911491,2025-07-10 01:52:06
9477,35245,104394,831,10636,9.8439708151,63.803180914054,9.67543926,63.89983688,63589282862.0983,127430302026.58702,97850162951.05852,75.155998273856,194304885912.35013,1032373840019.6276,239243743229.32443,49.470060919571,1716335785623.2625,1716335785623.2625,23.10550730496,18354067,0,33089,224849,1383777,0.008031562624,2025-07-11T01:52:59.999Z,3616323603878.101,200309930772.26,1051766981857.08,101438388753.023,654336793483.9032,1308994112458.1318,3464603322672.1367,136098205409.33,4.379153024911005,47.18043501735113,2025-07-11 01:54:10
9474,35265,104588,831,10642,9.72925753007,63.626937718084,9.84349143,63.80331863,52230089757.83116,118151856675.82024,101677302681.85924,-17.865313124679,200415048964.5696,1086203734620.4976,239958581640.913,3.159338461825,1998895689999.6367,1998895689999.6367,16.493307121748,18383175,0,28892,202524,1367312,0.010070003662,2025-07-12T01:52:59.999Z,3677246467342.732,210722317050.38,1110860608886.14,126911822942.18448,749588049003.3579,1337527147826.1167,3616216228111.4976,200268332556.16,1.6876822452374824,5.219988782444403,2025-07-12 01:55:19
9473,35269,104632,831,10644,9.706685857169,63.770284275247,9.71518237,63.61594603,39463996412.09189,86030857576.87552,101696362841.82404,-24.445860157738,112936012523.8075,541000898980.1292,240536709839.11823,-43.554244648673,925137711268.1152,925137711268.1152,-53.461523195117,18435682,2,31062,216149,1376425,0.127605699421,2025-07-13T02:01:59.999Z,3666675083624.247,119196140489.47,553391498272.44,73137352636.12457,405115661434.20703,1328425959347.3992,3680139132222.548,210279428185.38,-0.3658570536209424,-43.31535827442521,2025-07-13 02:03:21
9469,35271,104591,831,10647,9.645012702234,63.646914481436,9.71013749,63.7764664,41218935305.81739,88604235532.16661,107782974970.15964,4.411683876367,119180445818.3026,615673401105.6934,240663136648.8029,5.808739165427,1070820140508.4368,1070820140508.4368,15.248487489525,18462608,0,47916,198273,1361497,0.013575222932,2025-07-14T01:56:59.999Z,3723004420711.532,126970134769.71,631673457534.39,75439391806.3498,428831194430.2416,1353426980921.182,3667453661437.055,118415686142.59,1.5146956008902777,7.224083992402157,2025-07-14 01:58:35
9368,35286,104776,831,10652,9.697378679538,63.59823525392,9.64509656,63.64732566,138772099441.5893,190487988907.6717,105262040284.26517,236.683841098004,286634697427.3274,1146570975195.413,240341378064.6643,141.152078362842,1825061177502.4453,1825061177502.4453,70.437187462993,18494307,0,30940,202717,1352038,0.01766801651,2025-07-15T01:56:59.999Z,3721013825770.522,295639418488.13,1172157027650.79,114345699310.48206,656614473104.2113,1354514699026.098,3723096506651.449,126676904579.8,-0.0559394814828522,133.38067777137087,2025-07-15 01:58:47
9376,35303,105021,833,10671,10.177083481163,62.826937971125,9.70143117,63.64607968,44293426276.95129,94425659786.96556,108266133752.11844,-68.152584370127,199195394759.6194,1123183112268.3054,239700538975.798,-30.710394006722,1965681223174.657,1965681223174.657,7.749446188216,18523277,0,28686,204064,1341983,0.019195752506,2025-07-16T01:53:59.999Z,3724447109760.3374,207902086089.74,1150830784103.19,110968513858.13512,687097902394.5544,1384491034343.8423,3728375824757.722,295537899737.38,-0.1053733631490985,-29.65298654606218,2025-07-16 01:55:33
9386,35314,105244,833,10672,10.651720823641,62.256944110772,10.17597416,62.83336813,45305840967.49101,97478311768.15704,107829552208.68254,2.208341919456,189269285487.9665,1022689476356.616,241148608119.86697,-4.991065468392,1842356630495.2864,1842356630495.2864,-6.270004077213,18552689,0,28372,200412,1316946,0.024913645993,2025-07-17T01:53:59.999Z,3767505775651.645,196016810935.68,1047233918787.51,125225063515.26932,754124065974.0626,1421971810534.0923,3724682900751.8574,207906865079.69,1.149705251181075,-5.71893291712739,2025-07-17 01:55:56
9403,35335,105530,834,10676,11.117730279022,61.012700082203,10.67629292,62.25371262,51276666713.10331,117277419211.71216,115423422644.04724,13.289408827736,212419858229.7308,1172719098840.2063,242865229785.191,11.904987332969,2077411701399.2456,2077411701399.2456,12.575661541648,18584818,6,33921,203735,1293856,0.015310537799,2025-07-18T01:55:59.999Z,3926470746743.776,224508164209.3,1203831979427.09,150705474062.01608,908590360866.9456,1530824926217.5603,3770381762708.8174,196483978129.25,4.13987213652382,14.262835243296678,2025-07-18 01:57:39
9407,35349,105454,834,10678,11.129473019459,61.035088836228,11.08917976,61.0386673,49996200853.198814,117270134018.86998,111113923674.13846,27.081737607853,223806178839.4037,1169191044345.8672,243533580648.2556,12.117666879134,2262194195244.3843,2262194195244.3843,8.953197209168,18618068,2,32484,206069,1283622,0.020183395453,2025-07-19T01:50:59.999Z,3849917891836.559,234036610850.96,1198062605682.43,157432252092.60788,922149367391.15,1500117086432.286,3924772741427.876,210960256475.67,-1.907240355630961,10.9387212363156,2025-07-19 01:51:59
9403,35350,105521,834,10683,11.255696595634,60.724488101686,11.12670301,61.03835779,39226475802.982216,76928221079.18983,113225146257.40051,-21.267944313358,124275783537.91995,584206087654.8112,244230558439.0697,-44.278398245428,1129834984961.6558,1129834984961.6558,-49.512351454588,18646085,0,28260,186217,1272300,0.019112220975,2025-07-20T02:01:59.999Z,3863483797868.3247,130613913365.22,597980121194.82,84230282374.3535,471825629511.66144,1517403038721.207,3850368388402.152,233159291902.12,0.3406273931003056,-43.980824311281765,2025-07-20 02:04:44
9404,35355,105468,833,10686,11.58663100004,60.127317968898,11.25954958,60.71884308,45773838615.16528,106434877176.30424,116755594330.91736,16.712299203244,173307406366.5757,900322638731.7201,244370628600.29367,39.57738310335,1609491504508.837,1609491504508.837,42.45367915948,18669910,0,24850,179103,1255330,0.013601272509,2025-07-21T01:59:59.999Z,3882752773006.641,183790056131.0,925133632607.31,125532563169.17812,741574518923.8762,1548157667234.74,3865300767023.372,131047530059.3,0.4515044762405011,40.24686771878388,2025-07-21 02:02:10
9423,35373,105609,834,10690,11.637150484536,59.662990645883,11.58873074,60.1147549,50617734741.94826,118203441729.2626,119348812889.4458,10.714899871794,196226498281.79965,1048210717804.5068,244671411102.8247,13.47528732601,1848561083585.136,1848561083585.136,14.406669042023,18696258,7,25623,176768,1244786,0.017493190495,2025-07-22T01:53:59.999Z,3932109325763.1567,207419542473.75,1076763720667.28,136306989931.71936,805904478913.5842,1586095306547.204,3878399818222.4326,184452538208.35,1.3848367898630158,12.45144387195009,2025-07-22 01:56:27
9432,35388,105484,833,10702,11.38396478595,60.080257773663,11.64995459,59.6208018,51340627432.23365,118443862250.74573,118222801422.61607,1.234187332428,201006095978.5258,1092139182854.7852,245329621333.91684,1.911385834121,1939645004719.1887,1939645004719.1887,4.914030931236,18727389,1,30745,179551,1238776,0.019670251178,2025-07-23T01:54:59.999Z,3960575052200.133,212617878512.51,1121787054508.33,136025962881.77396,818734621232.537,1581051351518.9023,3934651916651.04,208517723213.34,0.6588419026188603,1.966334197393408,2025-07-23 01:57:30
9454,35408,105917,836,10703,11.317655698432,60.938092187643,11.3871571,60.07419508,50784662669.40457,126449848654.63776,111821154172.05994,-1.05465864303,193432197187.9392,1132930195788.7583,246280848569.79965,-3.712026142451,1888920829919.8164,1888920829919.8164,-2.615126720403,18759897,2,31739,178149,1230548,0.023801103392,2025-07-24T01:54:59.999Z,3890279825231.1655,205495662168.48,1160887975798.09,138829243299.89578,866469074193.2008,1519617518974.5378,3960129399331.6577,212481720458.69,-1.7638204981958552,-3.2878396669271126,2025-07-24 01:56:31
9453,35412,106002,836,10708,11.575188319515,60.90726562935,11.3176557,60.93809219,48553115919.621,113795436230.23969,108481205505.53168,-4.394135222105,196393569992.4668,1099983069015.1392,246803710082.6949,1.530961674209,1979035608022.656,1979035608022.656,4.770701697787,18792701,4,34228,178573,1216380,0.016722052923,2025-07-25T01:53:59.999Z,3832542892597.774,207599295026.0,1125492308638.94,132299806090.51308,832410357767.4729,1498245812644.4573,3890279825231.1655,205495662168.48,-1.4841331530685125,1.0236872327724882,2025-07-25 01:56:15
9461,35425,106151,835,10767,11.634183598264,60.592170623484,11.56988858,60.91654242,46469766932.147865,110373168847.474,112681732008.31802,-4.313204414353,205404188159.938,1142982293203.8257,246674124019.97467,4.824354482145,2068778850006.1587,2068778850006.1587,8.331824340263,18820157,8,27472,177802,1192707,0.016766751686,2025-07-26T01:50:59.999Z,3853250023698.2656,214832040695.37,1169340073130.67,114327878922.47546,722351502352.5859,1518482194789.558,3833848929690.3774,206715432382.77,0.5060474307592102,3.926464618070071,2025-07-26 01:53:00
9461,35427,106167,835,10772,11.666873642012,60.446945670219,11.62669994,60.61153322,36922404962.49,75150098101.5095,113827153524.59224,-20.29843860744,116707498620.4858,526536696816.56665,247367177754.4838,-42.755853897519,1056153592396.4508,1056153592396.4508,-48.534234569501,18847525,0,26398,180331,1153760,0.021965266752,2025-07-27T02:03:59.999Z,3888272609813.2256,122227566094.4,538347648004.01,74312870272.51997,407978647031.0187,1537930577849.4185,3850451988436.8633,212741767030.58,0.9822384875837856,-42.5465117637992,2025-07-27 02:05:35
9457,35430,106062,835,10775,11.811489599443,60.214325826679,11.66507394,60.44534308,40158971694.51102,83165564708.19466,115556297015.345,8.74998939283,137027782765.94002,696609255611.5232,247614485634.84167,17.362751729405,1390551314898.8188,1390551314898.8188,31.245575918451,18879877,0,32653,187066,1102925,0.020385643612,2025-07-28T02:00:59.999Z,3934587151335.009,144192806325.27,712782860546.05,88670510708.48811,534992124846.69617,1565402024095.512,3888559170197.4536,121780594596.28,1.1836770156494367,18.40376276966758,2025-07-28 02:03:28
9469,35448,106128,834,10779,11.755785505397,60.637941945109,11.79786683,60.22700934,43777074016.25952,94583210445.42372,110364309229.547,9.019170645196,168885499300.80396,948397989458.5148,247386278883.5785,23.620164773938,1757225371409.286,1757225371409.286,25.697950614612,18933411,5,25536,178257,1025313,0.008947946982,2025-07-29T02:06:59.999Z,3867824495582.036,176497839647.41,969143210639.84,110735610002.5767,723945241282.6608,1522455323412.3066,3935690024465.5015,143873927619.97,-1.72436163573839,22.675346789456626,2025-07-29 02:08:50
9471,35456,106328,835,10782,11.843254068954,60.61480650252,11.74852171,60.63118572,42968192994.78758,94155267914.63736,109821691382.87932,-1.779137388935,165694662671.96558,952350578826.746,247504670607.62827,-1.482350220376,1768525662121.4868,1768525662121.4868,0.397448405173,18934208,5,25536,179054,1026110,0.01315781342,2025-07-30T01:57:59.999Z,3870109069812.009,171293848127.66,969255722492.34,103656250035.51808,714439482084.0725,1524249945708.968,3868778310391.92,174878965907.81,0.0343974069673151,-2.050056598596271,2025-07-30 01:59:16
9484,35469,106603,834,10789,11.959619455292,60.681662137487,11.84325407,60.6148065,43177977091.3872,92127064358.1694,109255728579.37949,0.488231135587,167539566315.15396,900426932076.4513,248170932563.7516,1.113435770011,1740668166230.608,1740668166230.608,-1.575181886672,18926054,4,23161,167483,979599,0.01117632011,2025-07-31T01:56:59.999Z,3870428462340.288,171833509317.81,916363625346.67,102888456178.04428,633299968442.7605,1521788139549.8125,3870109069812.009,171293848127.66,0.0082528043142531,0.3150499542445857,2025-07-31 01:59:01
9480,35482,106730,835,10795,11.823224557397,60.953289294638,11.96817356,60.68985446,41590906220.85121,88884328651.86642,103358205496.63412,-3.7723470163,169704118867.32056,885658483156.802,248653336029.07736,1.145375082072,1661549774884.959,1661549774884.959,-4.916931605826,18967556,3,23225,155232,920891,0.007729584748,2025-08-01T02:06:59.999Z,3764595264610.692,175386533037.87,906237535837.21,101507258193.24213,632005545919.7523,1469950622200.3066,3870667409852.0674,172412023065.85,-2.740409702248982,1.725233495394889,2025-08-01 02:09:04
9481,35496,106771,834,10796,11.470872110542,61.190059555539,11.81782716,60.97701329,41895615717.7833,93469614521.72,99995350747.05452,0.912403543784,190115773143.74045,1048980790295.782,248941494928.1689,11.918355490839,1976034411277.736,1976034411277.736,19.02585968267,18968234,5,23225,155912,921571,0.01131493221,2025-08-02T01:51:59.999Z,3693749130978.093,197133213860.59,1071498717942.92,112673264439.11185,745251970790.5609,1433541837900.4097,3759709538130.895,176955551479.53,-1.7544016760824803,11.402672712076026,2025-08-02 01:53:24
9480,35498,106640,836,10801,11.312405138129,61.702723445489,11.48289165,61.16865104,35067634871.90058,68288300839.57504,97646908056.76369,-16.066304695641,129418562650.55318,685306827207.704,249086052925.88376,-31.47633225193,1237352797886.82,1237352797886.82,-36.859095582114,19012825,0,27293,137599,863599,0.005549193999,2025-08-03T02:05:59.999Z,3654366909342.313,135149212077.85,702002890456.67,78589977424.99384,513507962616.4224,1399523001587.362,3696523527533.34,195722918933.69,-1.1404396016155545,-30.94870400760888,2025-08-03 02:07:25
9475,35499,106543,836,10801,11.455300478092,61.269664582009,11.31172874,61.6957064,32230406477.97296,63295958911.759056,102419578552.75136,-8.130059892152,103438082394.0969,480578731041.661,249645174132.82773,-20.291218380857,849773136437.141,849773136437.141,-31.328153331075,19036525,0,23315,135800,848364,0.007570231894,2025-08-04T02:05:59.999Z,3723314334796.836,107210548032.39,490799811078.41,59039084640.13751,357549355057.9527,1442052130532.9707,3654841526866.707,135489990125.05,1.8734822680213483,-20.871978857301272,2025-08-04 02:07:23
9469,35510,106431,837,10804,11.811449861007,60.709441342096,11.46349727,61.26269549,35378713116.71448,80359996054.26735,104692512072.82512,9.732095325209,131331504491.86868,661011533396.9237,249994603220.46268,26.64869573928,1159515394163.1067,1159515394163.1067,36.428748537501,19037163,2,23315,136438,849002,0.010927191649,2025-08-05T01:59:59.999Z,3760261056367.589,134574562924.89,674899462229.28,81106701454.99266,505940347171.79694,1477427576042.442,3726353527983.568,107443990671.5,0.909938580153181,25.25089777830312,2025-08-05 02:01:55
9471,35520,106659,837,10806,11.702301686126,61.144809952738,11.81144986,60.70944134,36902518913.25645,89489756633.77283,100698908605.0327,4.307126128401,139678941709.90283,758158724888.8497,250055043251.54257,6.35600517205,1350673020729.5425,1350673020729.5425,16.485992987131,19061944,0,24340,138089,828988,0.013269032654,2025-08-06T01:58:59.999Z,3705895148970.625,144987450193.45,773447612984.11,84418702893.48744,556803527050.8054,1439932603084.8088,3760261056367.589,134574562924.89,-1.44580141064678,7.737634098333828,2025-08-06 02:00:09
9467,35538,106787,837,10813,11.807644393924,60.848437084212,11.70299721,61.1415216,34976655605.563736,76996654448.91891,103708209198.91405,-5.207495681507,123819424319.33362,622297324082.1764,250599780268.388,-11.333782151314,1101575301188.321,1101575301188.321,-18.244251356673,19094480,1,30696,151016,833647,0.01954349722,2025-08-07T01:58:59.999Z,3752743585768.9634,127323936821.95,634702654379.32,72801672403.11595,450657241719.0095,1469257766050.5215,3705614674980.309,144842814786.8,1.2718243779327878,-12.09509632261478,2025-08-07 02:00:33
9473,35551,106765,839,10833,12.139983662772,60.171650456185,11.80764439,60.84843708,41261407309.70632,92365396667.94562,110757878877.79178,17.96841806437,166408639909.53662,863288456247.275,251202959415.442,34.396231305651,1523933667256.8518,1523933667256.8518,38.341306818781,19139067,1,44329,172434,850663,0.021149703528,2025-08-08T01:57:59.999Z,3866678292744.728,173760895187.81,882200240215.74,108021790597.13924,642872502352.676,1540034146169.1963,3752743585768.9634,127323936821.95,3.0360376181262296,36.4715068705404,2025-08-08 01:59:49
9478,35567,106961,839,10835,12.496853069645,59.624714663568,12.15046298,60.18493244,40082141158.1303,88750261942.4678,113753741890.62112,-2.887887423019,151195134140.04834,880057961077.6434,251920244088.3828,-9.28598041965,1536609841773.7178,1536609841773.7178,0.595853823737,19187017,3,47397,202074,865623,0.024564305489,2025-08-09T01:46:59.999Z,3893906348721.2334,156809480683.72,896523464195.79,102313242465.79008,730080389685.6915,1572175799029.65,3864837711079.066,172931402931.29,0.7521308736674541,-9.32272680050808,2025-08-09 01:49:14
9478,35570,107068,839,10837,13.179139373849,58.898699509125,12.50554127,59.58969666,43783892693.20423,98153891887.6584,119024392101.36034,9.544154047581,152783509684.61395,805972047856.9332,252253340527.12964,0.833032653868,1394245100752.4429,1394245100752.4429,-8.826837716939,19231195,0,43689,218469,880495,0.024497457544,2025-08-10T02:02:59.999Z,3940699666563.6494,160839856163.44,826065596803.65,107073845394.43544,663578171345.9985,1619678811397.2483,3892801142057.711,158082660655.39,1.230438513502392,1.7441479645009963,2025-08-10 02:03:59
9460,35574,106914,839,10838,12.979396915153,59.560163859263,13.1766968,58.90934363,44263180927.13343,95937397118.93526,120630859392.05296,1.149857695297,156754904709.37167,794829211441.3965,252352199044.46872,2.6440288797,1406432603124.2468,1406432603124.2468,0.68134059395,19279188,0,48070,243145,897429,0.024047250279,2025-08-11T01:57:59.999Z,4003764825758.976,164133049649.46,813431577427.68,96180887920.2242,569394378137.5363,1619115934997.4006,3939149853847.375,160782695303.45,1.6403278450676737,2.0837779461817973,2025-08-11 02:00:04
9475,35609,106958,838,10841,13.032153303919,59.773083880269,12.9816285,59.53539468,45509433268.11273,101200847886.91148,116313013892.496,2.90393187082,206304831770.1654,1069514582886.4865,252985313975.2327,31.513149528868,1874261852129.4048,1874261852129.4048,33.640899044809,19332940,11,53132,272561,903269,0.027220029886,2025-08-12T01:46:59.999Z,3964803323668.1714,213125047377.85,1094947414694.64,123889257248.8499,743057799151.0061,1594918107324.316,4002645999235.561,164161542203.76,-0.9454414798265134,29.82641641689483,2025-08-12 01:48:34
9489,35622,107164,838,10848,13.672475555254,58.863482425921,13.02195184,59.77470106,47164158392.83724,102213911267.69182,119795437369.84904,3.574500137798,202721010863.1421,1051314386768.9373,254481756165.4824,-1.574112367294,1786225661858.8962,1786225661858.8962,-4.546388214717,19393810,3,60248,302748,933212,0.030426176394,2025-08-13T01:48:59.999Z,4036689236515.453,211052719599.73,1075836401023.2,137577624010.18716,823949106846.9897,1660553377190.148,3964484996690.636,212738716981.98,1.821276657247779,-0.7925202361697075,2025-08-13 01:50:37
9504,35641,107294,840,10851,13.678668924198,58.808178628764,13.67268709,58.86485678,51407180808.69451,105510998011.29198,125108901907.25903,8.980309015526,241877413373.5172,1216266770750.8516,255494006895.32587,19.252749261606,2119731447562.4976,2119731447562.4976,18.670977179699,19448303,1,54378,312987,959084,0.03129786941,2025-08-14T01:48:59.999Z,4182523171670.8457,250885954529.44,1244764064877.12,155233089169.25443,883874114763.5502,1722857473685.23,4036644739385.845,210612917041.13,3.613853626048737,19.12182692975341,2025-08-14 01:50:51
9506,35651,107034,839,10854,13.828592783624,58.754258369075,13.66650623,58.81542975,51541337328.89687,112431715066.90924,116979265213.84874,0.210425472724,271284411827.15985,1411236448801.6008,256296229202.5189,12.064581128312,2466593056305.332,2466593056305.332,16.363469492406,19506196,7,57690,323527,988646,0.032482281157,2025-08-15T01:48:59.999Z,4023715896603.697,279876104308.15,1447462947172.84,179587360369.3659,1043996105089.376,1659611462675.61,4181742793794.648,251097297575.06,-3.7789721889507177,11.461217229742289,2025-08-15 01:51:26
9516,35659,107161,842,10862,13.581880980771,58.870336953743,13.80813133,58.76902367,41166464856.85636,83421730132.28465,116565612341.6517,-20.218115953333,187693937397.3442,940746176814.0748,257961286778.41,-30.99221328317,1702143600048.9497,1702143600048.9497,-30.950105301152,19559238,20,54473,332981,1007866,0.025697786968,2025-08-16T01:43:59.999Z,3984948356198.827,191998653795.91,960251676955.01,124027480793.52225,728355577737.2946,1638995831471.9158,4021252503833.36,280541240649.17,-0.9028069637488728,-31.561344295895022,2025-08-16 01:46:03
9522,35663,107035,841,10867,13.39333118936,58.901014282328,13.588494,58.86377902,35622382852.50231,63611973984.24967,116538243674.92892,-13.34755252902,113738772618.7805,489986656803.75104,258770440001.7553,-39.486305317593,914247535773.1554,914247535773.1554,-46.186218067035,19646214,0,56120,341753,1032234,0.028313722563,2025-08-17T01:54:59.999Z,3971658268978.385,117752367115.55,500150575008.58,70115223142.37396,388038900979.2928,1632311264722.1643,3988936676823.489,191699934625.9,-0.4331582385224379,-38.57464409398873,2025-08-17 01:56:50
9517,35665,106957,841,10870,13.471552005577,58.696303757989,13.39384517,58.89990582,38409032716.01769,77316722314.9277,117650275491.5378,7.847888669961,132567426494.15616,643263202431.6565,258825653336.579,16.595278400061,1098443633471.4,1098443633471.4,20.117208675141,19699137,0,53736,341503,1056907,0.02410838945,2025-08-18T01:55:59.999Z,3945248718586.854,137470984839.48,657018707940.36,88001066935.03824,514064359997.0043,1629533546716.9526,3970816079916.258,117717882286.84,-0.6438817818513343,16.7800355977422,2025-08-18 01:57:34
9533,35792,107054,842,10874,13.267083278896,58.982088163138,13.44632782,58.74194938,41938818665.36172,88475416759.03783,114467592707.33553,9.176061374145,185800825566.3286,947493125081.8356,259116862072.9317,41.264347199561,1630665234789.7324,1630665234789.7324,50.910014827124,19751223,108,52089,333312,1084143,0.024029601633,2025-08-19T01:42:59.999Z,3916530760960.0,192033331049.41,970529270820.82,120606301073.90694,718783453937.4384,1606479134594.1638,3952113927881.054,136304893744.17,-0.9003578229368685,40.88513315584726,2025-08-19 01:45:00
9537,35804,107375,842,10881,12.995174488175,59.280000372048,13.26708328,58.98208816,41159721188.72768,88552857355.3937,109265028858.62485,-1.857700100832,183016561966.1129,909360468536.6576,258938903576.88785,-1.498520575315,1771209291332.0786,1771209291332.0786,8.618817249788,19802377,3,44445,323825,1103423,0.026281528869,2025-08-20T01:41:59.999Z,3783015876017.554,187969105604.83,928774219093.59,117730593459.65964,686499632538.0571,1540444050639.7285,3916530760960.0,192033331049.41,-3.409008969706605,-2.1164166774435103,2025-08-20 01:43:30
9539,35815,107399,842,10886,13.421691818455,58.607114074629,12.99517449,59.28000037,41757834596.38975,90993212275.98354,115337615197.06355,1.453152233271,174539898926.91318,883389581373.4606,258907323841.6284,-4.631637130616,1699506596747.074,1699506596747.074,-4.04823387817,19843208,1,41905,306666,1113259,0.019617611817,2025-08-21T01:40:59.999Z,3886227972479.431,180734663921.39,902266314017.6,113705325350.30984,682359428784.8098,1608621911448.2654,3783015876017.554,187969105604.83,2.7283019644773248,-3.848739749099536,2025-08-21 01:42:37
9543,35828,107473,842,10893,13.412891478552,58.736383127124,13.42297865,58.60484744,37033013068.13322,75978227662.44289,112130215185.49796,-11.312520887655,141407471420.28833,701233977734.4113,258601288410.23013,-18.953464327264,1414720014332.1855,1414720014332.1855,-16.682292981716,19885990,2,40517,295019,1124369,0.0313384065,2025-08-22T01:40:59.999Z,3823000666521.1626,146765269600.51,717445988027.82,88470015282.2579,533628304251.6695,1577508348080.7996,3886249414604.7593,180676661065.91,-1.6275009999590822,-18.76910457905201,2025-08-22 01:42:56
9540,35836,107696,842,10900,14.341098160918,57.807926336258,13.40705716,58.73827128,48265996499.087326,108759016231.78162,120828955618.85692,30.361752793028,238716550073.93207,1260163820397.801,259218206312.6418,68.745980105005,2428250687164.9507,2428250687164.9507,71.642383815859,19930402,0,46685,283328,1134580,0.019938344196,2025-08-23T01:37:59.999Z,4011386179848.7,248116972648.26,1291573340259.84,166419918140.28177,980866956492.252,1692487011938.9355,3823434297958.34,146830393883.14,4.915786888000767,68.98202482909116,2025-08-23 01:39:33
9538,35839,107737,842,10904,14.423211771452,57.418870287959,14.35784877,57.79430633,37939692301.61263,77980289127.41339,120865900659.1697,-21.409762330361,141462856538.94724,656094870332.6531,259431583942.2367,-40.821251353397,1268311093419.3252,1268311093419.3252,-47.944248397929,19975492,0,45228,274711,1152260,0.019377494727,2025-08-24T01:50:59.999Z,4003426820016.539,146632835454.69,668800427911.19,93551355803.33955,514501437752.2441,1704704367157.864,4008769382159.552,249400606364.29,-0.1332718755733282,-41.20590258689709,2025-08-24 01:52:36
9532,35840,107610,842,10905,14.503466045255,57.177270222354,14.4365622,57.41464566,41778030142.08414,90357098179.78828,118705104172.62572,10.086115806045,196757554033.18887,976660202259.4248,259421818875.26096,38.680872123027,1714298200913.9028,1714298200913.9028,34.911303420354,20030422,0,53847,277555,1180837,0.024753482628,2025-08-25T01:45:59.999Z,3927176228839.325,203393285587.44,1000889959333.76,129819250017.87444,749530825033.3667,1681724064367.8042,4002811818835.845,146333597396.43,-1.889561473777136,38.992882841819664,2025-08-25 01:47:39
9517,35855,106905,840,10909,14.040855172956,57.836973980682,14.50302595,57.17625488,43258597081.77499,97344931050.20772,110791632537.14456,3.528607457517,226393081831.37808,1155958898608.657,260135828195.9624,14.724127748559,2058628167991.387,2058628167991.387,20.218401729032,20066081,0,36696,268784,1183869,0.019614053252,2025-08-26T01:41:59.999Z,3776664397049.1953,233722434958.87,1183955907052.06,145134066485.29504,846747108701.248,1592355992390.174,3929022435531.8496,204341531007.91,-3.877759442267731,14.378332102162176,2025-08-26 01:43:55
9526,35868,106962,840,10912,14.272435009132,57.454133073276,14.02697508,57.86507302,34558039057.40875,75510634307.52112,114682293097.02583,-20.131244659042,172987655091.60812,825753471394.7003,261223258954.4401,-23.284221666775,1501114574349.5017,1501114574349.5017,-27.064341407835,20114701,1,48780,275518,1202212,0.018810677862,2025-08-27T01:38:59.999Z,3856261225387.8174,178896081288.83,843394983605.54,113449083715.21574,625020044441.8616,1640679769300.3623,3775640519998.75,232772983489.44,2.13528552207336,-23.145685290859447,2025-08-27 01:40:51
9532,35878,107139,841,10912,14.098268779917,57.490433245481,14.27243501,57.45413307,39854356142.27142,90509904837.7576,114304079070.9944,15.325861157991,168753809578.6019,845872069819.8286,261612625037.97943,-2.447484192305,1508072300884.9043,1508072300884.9043,0.463504029226,20160884,3,45640,281207,1222912,0.021551317835,2025-08-28T01:37:59.999Z,3863750278577.987,176114420740.79,864299782959.32,113169448213.69257,656954057219.8484,1642463503900.0342,3856261225387.8174,178896081288.83,0.194205027939077,-1.5549030073771917,2025-08-28 01:40:26
9530,35890,108320,845,10924,13.921344437883,57.475676165657,14.10018279,57.49106149,41717676449.46938,100225360436.79655,114899324941.40244,4.704684091393,153116892314.852,744901530649.7682,263117966838.0616,-9.262259172365,1346697379078.7874,1346697379078.7874,-10.690047021693,20213052,0,49675,286875,1252126,0.034756952987,2025-08-29T01:37:59.999Z,3864088665723.0537,161472775847.99,762486248483.97,102309704380.60486,574959806269.8169,1643177577458.2258,3864569387692.4,176101633680.67,-0.0124392117496086,-8.307054015868445,2025-08-29 01:40:18
9532,35902,108499,846,10928,13.937998465585,57.395192019894,13.89150821,57.54148186,41918378047.46664,116784968129.56651,110776460008.43391,0.61143138571,188332928620.65573,975328086396.6746,264259864002.07977,22.724126574616,1784582877248.3486,1784582877248.3486,32.989360371433,20275204,1,63553,303850,1295333,0.028032234801,2025-08-30T01:25:59.999Z,3752919405691.728,196668531158.53,997874795359.71,119272176585.6706,718136914901.4565,1598924106443.083,3863315404781.055,160798283880.39,-2.8575455929046427,22.307605785657582,2025-08-30 01:27:44
9525,35904,108457,845,10931,14.112783198857,57.243396405064,13.92736077,57.42182421,32190663325.553764,64378397092.10243,112928496659.37315,-22.975455628075,116164754132.4216,516958949959.6372,264328063966.25168,-38.136100030547,941784420028.904,941784420028.904,-46.981413771733,20321976,0,45949,296788,1318890,0.032069171357,2025-08-31T01:42:59.999Z,3803353800719.6777,120999056147.8,528347332631.49,69650527976.36191,395231907349.645,1626184907886.6345,3747707937369.2695,195130628350.05,1.4847972222048045,-37.99074129421825,2025-08-31 01:44:49
9507,35905,108365,845,10934,14.179962623364,57.274335907509,14.13309637,57.22659236,31068525331.537003,61792366114.95664,110364891477.32632,-3.36329401145,115812498863.28728,537749198105.54407,264869503140.18405,-0.867280966851,979640330175.2437,979640330175.2437,4.013966924122,20376487,2,57068,314611,1354995,0.01950667549,2025-09-01T01:51:59.999Z,3759897451791.127,120543275001.02,547994784328.39,70417772426.0277,401301128765.80457,1606441155474.42,3807602292028.114,121190600604.19,-1.2528840088384785,-0.534138456235695,2025-09-01 01:54:20
9510,35912,108638,845,10938,13.816698668047,57.802212620033,14.18285238,57.28721824,40703314218.09678,94265335236.4316,113815136496.99496,31.136985185373,166388322770.24347,818396769763.1847,264984407307.9208,44.339376962402,1476325728797.0728,1476325728797.0728,51.483826081916,20414413,5,38385,303758,1365627,0.017226092513,2025-09-02T01:39:59.999Z,3758020019582.8447,170352113687.63,832228362997.73,103501534252.81123,593414462898.7537,1585801297560.1748,3761577716277.164,119607252979.16,-0.0945799066951025,42.42624041981102,2025-09-02 01:41:44
9499,35925,108700,846,10940,13.570442268789,57.917083946617,13.82168341,57.79764435,38375063113.01415,84095369842.30739,116336432676.52272,-5.813799014932,170751210209.30356,893987135716.0298,265683139676.04425,2.084955869523,1608358285774.7625,1608358285774.7625,8.801053375563,20459975,2,40568,303690,1387874,0.041620494338,2025-09-03T01:25:59.999Z,3816826781344.565,175880352529.86,910565517128.79,101630213854.6914,615480583270.5546,1606232010296.2869,3762095943965.976,171139201175.6,1.4547964271451406,2.7703479516626004,2025-09-03 01:27:35
9581,35938,108545,846,10943,13.928880401533,57.643611219732,13.56573509,57.92157374,15535793801.419111,50462631855.98154,118361307854.74464,-59.51629737569,123388506674.59663,639148351962.0703,266440520360.29407,-27.732450974392,1181704873712.2048,1181704873712.2048,-26.573957241775,20540345,2,71759,334468,1443981,0.083978500335,2025-09-04T01:25:59.999Z,3861260066064.2544,126632373966.27,650765303825.05,87358708856.08548,477274684642.604,1635490325399.3926,3816494219383.571,175894427243.09,1.1729572772132713,-28.00660262461797,2025-09-04 01:27:31
9549,35951,108834,847,10948,13.693068622134,58.001097467563,13.95470053,57.64182025,35584113059.40813,79511213553.9722,113949550353.96986,3.722821983714,143875827994.10538,718433939122.0825,266517919848.90448,1.198107172728,1282522063499.9666,1282522063499.9666,8.39486407369,20670419,2,132377,401093,1543432,0.072658927,2025-09-05T01:35:59.999Z,3807686909391.696,147853846794.63,731739215468.65,85971331229.32405,516530736022.343,1599186713815.791,3868685619232.032,146334399723.7,-1.5767295625444149,1.038338950922622,2025-09-05 01:37:44
9542,35957,108935,848,10950,13.659871940545,57.821917172255,13.70879529,57.99284465,17091684286.663898,64430896334.15564,116721195410.98976,-51.735544600959,155264529967.02127,875506633249.5945,267107288586.92,8.032205511126,1533329047322.898,1533329047322.898,19.573392407297,20762707,0,102768,447443,1591411,0.021875728328,2025-09-06T01:24:59.999Z,3816599287646.063,161478555923.0,893587896192.26,101416710563.44124,609812936850.0565,1609768408746.4685,3805301217492.3486,148489855443.1,0.2969034383343683,8.747197201546982,2025-09-06 01:27:22
9537,35958,108924,848,10952,13.617369778329,57.805191727452,13.65990129,57.83335518,11263156349.025686,51974481975.90032,117191273286.16933,-34.138043005364,73454716914.6178,385993738239.2896,267256772555.43808,-52.414130408362,697934278169.1451,697934278169.1451,-54.537870087831,20824812,0,59217,452501,1606132,0.035748992308,2025-09-07T01:40:59.999Z,3807735232486.848,76990623400.66,393785303411.75,55345439038.00271,308914705515.56134,1606666580874.0884,3817643147298.8496,159222156894.52,-0.2595296215418159,-51.645785421897,2025-09-07 01:42:51
9525,35960,108889,847,10953,13.532320361181,57.677704155895,13.61569755,57.80583502,12300649486.334225,60849673726.28876,118590612288.5727,9.220696795648,83476028107.08911,428662525771.38513,267169898405.4609,13.642024670699,769320853258.4471,769320853258.4471,10.132071436006,20903612,0,71754,492918,1641249,0.069390199691,2025-09-08T01:40:59.999Z,3830574271963.96,88694976143.65,437907729051.86,62173543578.50465,333954182965.5723,1621186975908.746,3807560040009.152,76991189389.83,0.6044351687952059,15.201462461581317,2025-09-08 01:42:31
9523,35970,109179,847,10958,13.411929677325,57.500344314702,13.53048419,57.67751565,19083794666.718777,94115155701.50896,125015822586.32104,55.168167520582,137734355102.7917,712916205751.7568,267423350571.82056,65.206028026929,1214344257494.853,1214344257494.853,54.057342044384,20987573,3,93947,536483,1677312,0.022303883454,2025-09-09T01:36:59.999Z,3857280598111.933,142326644417.55,726586962787.3,101816834458.14352,553745518563.281,1639330973013.361,3831143242739.881,88588008516.65,0.682233832461975,60.66129807038149,2025-09-09 01:39:19
9506,35984,109555,848,10963,13.460347074932,57.287562218546,13.41757478,57.49223926,21628159384.932228,102817841297.64578,126758922257.5337,13.358760341179,146396872831.12973,756361025656.439,267854130447.336,6.319746437552,1325446095110.506,1325446095110.506,10.22915323166,21032496,0,45574,509685,1669093,0.020044434445,2025-09-10T01:33:59.999Z,3858754193991.8926,155929005923.25,774932783607.32,109005302911.98991,564925387399.627,1648167984248.0215,3857450859581.7344,142279721995.01,0.0337874533623789,9.593274246570928,2025-09-10 01:36:20
9506,36002,110091,848,10964,13.367512383463,57.501597120759,13.46762518,57.27514787,18893098353.312523,81651059742.69191,129834613006.63008,-12.79628980808,154647651476.28955,786992227472.5947,267685111638.4092,5.709525825879,1409722299355.037,1409722299355.037,6.366410857501,21078505,1,45311,423354,1654849,0.023446437442,2025-09-11T01:36:59.999Z,3950025922795.461,160931272381.33,803312161921.36,105107772873.69124,566409105685.3483,1678697930504.0698,3861588954097.844,155873260568.79,2.2901704388751654,3.2449515677564165,2025-09-11 01:38:42
9498,36019,110173,848,10968,13.58564518775,57.345581468079,13.36307337,57.52092617,18809458046.88417,75514548793.13007,131066326665.7262,-0.863920573244,153100121015.6721,809708590063.976,268469983760.8868,-1.207264335679,1471947209897.9656,1471947209897.9656,4.924743905228,21132183,1,54439,374335,1654204,0.020470603314,2025-09-12T01:25:59.999Z,4025110796169.773,158584578191.42,825783168865.54,109296940442.90578,603660676988.219,1716887605371.7898,3949229789959.6094,160457879636.36,1.9214127879588148,-1.1674723916241303,2025-09-12 01:27:29
9513,36033,110487,848,10973,13.981743421181,56.747918940488,13.57624415,57.36272109,17857923622.74129,77445170104.07169,133024301661.87614,-5.020376687849,163614555813.2083,817693603307.8741,268779557139.78992,6.856228930632,1476284668789.476,1476284668789.476,0.446416833077,21179325,0,45955,362290,1643639,0.026240014236,2025-09-13T01:21:59.999Z,4079997776315.005,168045788531.27,832601761557.25,116853096731.6684,632634867865.6567,1764683945438.064,4026355055045.085,158963793465.68,1.3322898884117222,5.713247568887937,2025-09-13 01:23:39
9511,36035,110581,848,10973,13.852479429024,56.802922647347,13.98919767,56.72311504,16731524269.248312,69110554702.49452,131337816369.87584,-6.290851546859,135263631689.31113,646839658563.1112,269774757471.22,-16.060129994872,1156751004877.824,1156751004877.824,-21.40687824811,21225870,0,48034,337228,1635837,0.020083303772,2025-09-14T01:39:59.999Z,4063500724673.112,140996885875.29,659150940995.65,107687933258.54083,551445444231.5311,1755313551262.6597,4071429750278.3374,164775491705.9,-0.1947479409336097,-14.430911772395916,2025-09-14 01:42:16
9481,36036,110477,848,10975,13.828536464271,56.920839224014,13.8549309,56.79516122,16841519511.76878,79245534576.44542,128469132309.23453,0.734131008891,126296053882.72392,651067166968.8904,269984863648.2409,-6.53643984995,1160136171107.538,1160136171107.538,0.570592594186,21267686,0,41121,285251,1621542,0.02332250233,2025-09-15T01:41:59.999Z,4034239115778.741,130101464627.71,663030228215.57,96771906613.7532,539247961412.0408,1737916354774.0576,4064646220655.52,140973538307.08,-0.7480873666755343,-7.712137901857545,2025-09-15 01:43:43
9487,36048,110815,850,11083,13.658417874182,57.355648225146,13.79918634,57.01237215,19982707562.37757,110918721504.25844,125587830721.08456,19.083931865999,161976565867.78867,857371624758.6876,270011829234.69675,29.238485534645,1614681187839.4375,1614681187839.4375,40.17451583685,21320192,0,51319,292278,1620314,0.028844831136,2025-09-16T01:26:59.999Z,4008884089820.534,167575528684.55,872735205798.04,116290096150.2468,666101340334.3397,1709562633509.203,4023703525809.296,129667379370.88,-0.3683033775650983,29.23491590374749,2025-09-16 01:28:03
9501,36060,110951,850,11100,13.458567097876,57.468623509242,13.65475168,57.36387277,15684300024.15809,70247337015.49478,126872513291.0807,-21.294685532907,138355807472.38644,693771434209.9642,271142558766.0184,-13.084438211455,1350717972294.2952,1350717972294.2952,-17.16930890925,21373761,11,54664,301794,1623052,0.029413862452,2025-09-17T01:33:59.999Z,4045327247007.6353,143192799928.96,706273291123.79,97515556152.32507,522178600299.108,1720533361708.0513,4009398622072.856,164114583692.95,0.8961100733906164,-12.748278241459404,2025-09-17 01:35:50
9496,36071,111139,850,11103,13.630148636638,56.899624385819,13.47014146,57.45434599,21734757064.122498,76565401993.65198,133007692989.73747,38.599821047709,197275635024.7165,972356685319.0686,271216309343.38312,43.854320253102,1817167670851.3225,1817167670851.3225,34.155242960879,21426357,0,53983,300001,1631239,0.023014339801,2025-09-18T01:25:59.999Z,4084933525783.159,196003218251.33,983835801791.49,133153909393.94664,703008821869.3204,1760621693202.152,4045867080545.184,142113913477.09,0.96558894447692,37.91979508250429,2025-09-18 01:28:00
9515,36089,111314,850,11124,13.556869727456,56.874125869613,13.66406204,56.86463582,20264064838.060936,71622977118.72342,135349556732.77872,-7.234697896668,171279937647.39224,734807058586.4708,272399601331.64,-13.709233237736,1374722148599.8943,1374722148599.8943,-24.527943772267,21502374,2,70949,330167,1665457,0.046942426085,2025-09-19T01:35:59.999Z,4109526603646.876,167032370640.12,739240747801.6,118168671886.86246,541209164169.3418,1772269270443.517,4085225377446.246,198049529860.66,0.5948564388831983,-15.661314239100946,2025-09-19 01:38:35
9525,36098,111513,852,11135,13.398190222409,57.212927399283,13.54339613,56.89739286,17793165257.019485,65974387904.54612,129617447480.7924,-12.35855331994,130744286402.6452,650945807579.5012,272712235012.2245,-23.983945376087,1486123849789.2686,1486123849789.2686,8.495678959276,21520598,4,51054,327819,1670648,0.022016316242,2025-09-20T01:23:59.999Z,4030444228747.646,136331110321.53,663907542091.34,97465111375.73482,504825917349.7811,1724509098285.681,4109867036618.039,168082942338.11,-1.9324909337152008,-18.89057365066175,2025-09-20 01:26:43
9526,36102,111549,852,11140,13.394189936752,57.007359176235,13.39874716,57.23395225,18013998839.02542,64046972091.15547,130191958069.33354,1.55571008618,91709419088.48116,382250177958.2442,272602728918.45248,-29.589592955521,1025722485321.1588,1025722485321.1588,-32.203586600677,21600094,0,74420,366318,1703585,0.046095111371,2025-09-21T01:43:59.999Z,4041182325499.926,96021881503.63,389891316022.59,73363081180.41914,315835942709.3069,1737411002235.655,4028575398150.672,135810578086.88,0.3129376045696261,-29.29719992635374,2025-09-21 01:45:07
9524,36105,111441,851,11142,13.179256833676,57.384877511848,13.39418994,57.00735918,27312991756.26565,94655264381.2527,125769593927.74884,51.620925483213,114045038504.95071,522239103819.83496,273193942494.92105,24.354771449288,1363259391163.002,1363259391163.002,32.907234722086,21643186,5,49574,358096,1701458,0.016072305597,2025-09-22T01:42:59.999Z,3984540774100.913,120964876913.43,535438549801.76,94239590059.99992,431787351471.3565,1698016931473.4756,4041182325499.926,96021881503.63,-1.40160841151868,25.97636603158733,2025-09-22 01:45:10
9531,36117,111620,850,11146,13.030572397952,57.755645600424,13.17836374,57.41242522,28707776591.4322,101096471732.35284,119014267158.7176,5.457371892542,214227636450.6101,976536929515.4552,273515412956.3153,88.457352828483,2046747595854.6973,2046747595854.6973,50.844264616001,21682208,0,38448,342467,1686639,0.018700854326,2025-09-23T01:34:59.999Z,3881756870427.7134,220421026543.84,998374879934.04,153333904222.42212,730845911454.4414,1639823129273.39,3982595780166.0073,120334782809.97,-2.531989569227406,83.17316190442122,2025-09-23 01:36:38
9535,36130,111784,850,11153,13.022199586959,57.670223792614,13.0286735,57.75994631,23713804982.33726,84635421664.72374,120090346793.076,-17.328121090861,155094506534.59134,724741757904.4697,274384576548.6572,-27.52016308219,1652597969487.852,1652597969487.852,-19.273488458032,24318789,2,55798,343280,1704738,2.0560239e-05,2025-09-24T01:35:59.999Z,3883670815856.4062,158207113888.99,736198069653.54,110742647901.58316,536845044506.9569,1643949164983.588,3879919759042.868,220202926478.08,0.0966787213780833,-28.15394580837296,2025-09-24 01:38:09
9534,36137,111899,850,11166,12.760709270454,57.993439696018,13.02205115,57.66799203,23564873147.705254,85310872700.155,119667531508.412,-0.632880652906,156694351681.5971,735732646785.5382,275065572548.0503,1.059539545209,1362500266017.722,1362500266017.722,-17.552219211798,21776177,1,43591,318015,1700576,0.01918519199,2025-09-25T01:35:59.999Z,3880139902899.151,158899769040.71,746441374706.13,110865010920.13866,528428276977.90784,1629913308190.191,3883814369121.4336,158546104827.39,-0.0946097282995026,0.2230671095357479,2025-09-25 01:38:34
9524,36141,111861,851,11168,12.651897112585,58.182378900384,12.76556886,57.99083418,28426280155.844543,102636443173.43324,114111646714.0696,20.547563187041,244719187721.70703,1197337002883.5212,275174059833.2013,55.612747833935,2077056641931.903,2077056641931.903,52.43038323287,21816184,0,41042,307026,1695008,0.014706842386,2025-09-26T01:35:59.999Z,3756493707932.15,246642990157.42,1215689090976.92,170538781236.65234,879280659557.3097,1570876305413.9895,3880406842614.28,159462963758.13,-3.193302653766267,54.67101848898457,2025-09-26 01:37:53
9528,36144,112185,851,11171,12.843393858528,57.772387993536,12.65446303,58.16359428,22061512247.760868,77036587058.57697,117679103068.35887,-22.503883884084,178138235918.88733,817445840033.5448,276196690398.9796,-27.443244758771,1413600398512.155,1413600398512.155,-31.636672334972,21851751,0,35702,268204,1680908,0.014083234525,2025-09-27T01:24:59.999Z,3777652565702.258,182141622600.58,829719523783.77,126158494224.44574,601752904463.4348,1595212468396.9841,3757374490803.5503,247453195929.16,0.5396873521215326,-26.393505682293622,2025-09-27 01:26:23
